id;Название плейлиста;Название видео;Дата публикации видео;Количество просмотров видео;Количество лайков под видео;Количество дизлайков под видео;Количество добавлений видео в избранное;Количество комментариев под видео;Продолжительность видео в секундах
e_iuiTkBuQs;8 УРОВЕНЬ ГАЙДЫ;КУПИ ЕГО И НЕ ДУМАЙ-FERDINAND - ГАЙД;2021-01-14T07:00:06Z;138249;6478;272;0;633;2115
C2an-UgGZTs;8 УРОВЕНЬ ГАЙДЫ;ПОЛЬСКАЯ ДИПЛОМНАЯ РАБОТА-53TP - ГАЙД;2021-01-22T07:00:01Z;52284;3469;49;0;387;1664
MaHC9OsxI18;8 УРОВЕНЬ ГАЙДЫ;ТЫ ОБЯЗАН ЕГО КУПИТЬ-TIGER II - ГАЙД;2021-01-24T07:00:04Z;63965;5035;104;0;428;1607
E0o7TKuxqKA;8 УРОВЕНЬ ГАЙДЫ;ТИТАНОВАЯ ГОЛОВА-Т32 - ГАЙД;2021-02-12T07:00:02Z;41720;3734;207;0;303;1650
3iSrBWgh9Vw;8 УРОВЕНЬ ГАЙДЫ;ТАНК, КОТОРЫЙ ОБМАНЫВАЕТ-PROGETTO 54 - ГАЙД;2021-02-18T07:00:01Z;47364;3126;89;0;244;1920
WLBk8CWJv9w;8 УРОВЕНЬ ГАЙДЫ;КОЛЯ МОЖЕТ - КВ-4 - ГАЙД;2021-02-24T07:00:14Z;41835;3236;39;0;301;1422
3AjvoAYsQgA;7 УРОВЕНЬ ГАЙДЫ;ТВОЙ ЛИЧНЫЙ ИСТРЕБИТЕЛЬ - T28 HTC - ГАЙД;2021-01-10T07:00:02Z;71549;5800;90;0;679;1572
JcLpOAdkuTw;7 УРОВЕНЬ ГАЙДЫ;РВЕТ 7 УРОВЕНЬ - АТ 15А - ГАЙД;2021-02-26T07:00:02Z;38535;2987;30;0;318;1409
2HBiKSPB8lo;7 УРОВЕНЬ ГАЙДЫ;ЛУЧШИЙ ТАНК 7 УРОВНЯ - Т29 - ГАЙД;2021-03-12T07:00:00Z;33957;2998;40;0;290;1435
VYHOgKp4o7Q;9 УРОВЕНЬ ГАЙДЫ;БЕСПОЛЕЗНЫЙ ДЕД-ОБЪЕКТ 777-ЧЕТЫРЕ МЕСЯЦА ВПУСТУЮ - ГАЙД;2021-01-04T07:00:03Z;74350;5036;89;0;803;1716
r-G4Fyj4Auo;9 УРОВЕНЬ ГАЙДЫ;ЭТО САМА СТАБИЛЬНОСТЬ-AE Phase I - ГАЙД;2021-01-06T07:00:07Z;65350;4953;81;0;537;1607
q-SkiaawNco;9 УРОВЕНЬ ГАЙДЫ;ОДИН СНАРЯД ЗА 40 СЕКУНД-Char Futur 4 - ГАЙД;2021-01-18T07:00:19Z;80665;4820;121;0;403;1456
pinTvCnXrwo;9 УРОВЕНЬ ГАЙДЫ;ТАНК ЗА 20000 БОН-Kpz 50t-СТОИТ ЛИ? - ГАЙД;2021-01-20T07:00:07Z;56098;3972;64;0;291;1777
l-Iy4GmjOyM;9 УРОВЕНЬ ГАЙДЫ;ГРЯЗНАЯ ТРЯПКА-PROGETTO 66 - ГАЙД;2021-02-20T07:00:07Z;39294;2734;71;0;186;1915
eFC_JTEmo0M;9 УРОВЕНЬ ГАЙДЫ;ТЯЖЕЛЕЙШИЙ ГЕЙМПЛЕЙ - АМХ 50 120 - ГАЙД;2021-02-28T07:00:16Z;40293;2719;38;0;238;1961
CnCillJy6uo;9 УРОВЕНЬ ГАЙДЫ;ПОЧТИ Е5 - М103 - ГАЙД;2021-03-02T07:00:01Z;34612;3065;38;0;244;1677
KN7IzhCaZz4;9 УРОВЕНЬ ГАЙДЫ;ТРЕНАЖЕР ДЛЯ ПСЕВДЫ - LEOPARD PT A;2021-03-14T07:00:02Z;39535;3425;34;0;229;1591
jw5xZiTyLio;9 УРОВЕНЬ ГАЙДЫ;МЕХАНИКА РАДИ МЕХАНИКИ - KUNZE PANZER - ГАЙД;2021-03-18T07:00:08Z;28539;2555;29;0;193;1458
7nDsNCybcP4;ПОЛЕЗНОЕ;НАСТРОЙКИ ДЛЯ НАГИБА-КАК УВЕЛИЧИТЬ FPS/КАК УБРАТЬ ЛАГИ/ОГРАНИЧИТЬ FPS;2020-03-07T09:00:37Z;191962;14101;288;0;1419;7370
gK2_G_PTWWs;ПОЛЕЗНОЕ;МОДПАК KORBEN TEAM;2020-09-02T14:36:30Z;223274;15253;482;0;1571;653
QQY7n9BjOFQ;CYBERPUNK 2077;CYBERPUNK 2077-ПОГРУЖЕНИЕ В МИР БУДУЩЕГО (ЧАСТЬ 1);2020-12-10T20:24:25Z;135653;9317;371;0;140;16792
1a24hN04i4U;CYBERPUNK 2077;CYBERPUNK 2077-КИАНУ РИВЗ У НАС В ГОЛОВЕ (ЧАСТЬ 2);2020-12-11T20:37:32Z;73254;4743;177;0;72;18170
TrVRLSmy3u0;CYBERPUNK 2077;Cyberpunk 2077-ДАЛЬШЕ ПО СЮЖЕТУ-ПОСТАВИЛ РУКИ БОГОМОЛА (ЧАСТЬ 3);2020-12-13T20:46:15Z;76377;5120;172;0;75;18506
JoIA7BN-L8k;Человек-Паук: Майлз Моралес;АЗИАТСКИЙ ЧЕЛОВЕК ПАУК-СТРИМ С PlayStation 5 ПОЛНОЕ ПРОХОЖДЕНИЕ;2020-11-28T21:32:57Z;75529;5670;321;0;103;19845
63pGasc5HLQ;Call of Duty: Black Ops Cold War;Call of Duty: Black Ops Cold War-ПОЛНОЕ ПРОХОЖДЕНИЕ ЗА СТРИМ;2020-11-16T19:27:56Z;88945;7550;266;0;128;13477
YmFsfaLR994;Little Hope;Little Hope-ПРОХОЖДЕНИЕ СТРАШИЛКИ ЗА ОДИН СТРИМ (ИГРОФИЛЬМ);2020-10-30T19:29:56Z;68786;6052;134;0;129;14495
VoPabJfjU94;Mafia: Definitive Edition;МАФИЯ-ШЕДЕВР-СТАНОВЛЮСЬ ГАНГСТЕРНЫМ МАФИОЗИ;2020-09-25T23:32:20Z;101488;5955;168;0;128;27612
sqPxNvNDtLE;Marvel's Avengers;РВЕМ ШТАНЫ НА ХАЛКЕ-МСТИТЕЛИ-МСТИМ НЕПОНЯТНО КОМУ;2020-09-04T20:02:08Z;57477;4086;200;0;59;10550
lnrvcYA-TFE;Microsoft Flight Simulator;БОИНГ 787-ИЗ ФРАНЦИИ НА КИПР-НАСТРОЙКА ВСЕХ СИСТЕМ В ВОЗДУХЕ-КРУТОЕ ПИКЕ;2020-08-22T20:38:26Z;48725;3491;160;0;43;12035
CFcRJWOpKyY;Microsoft Flight Simulator;ОГРОМНЫЙ БОИНГ 747 НАПРАВЛЯЕТСЯ В МИНСК В ШТОРМ С ГРОЗОЙ;2020-08-19T19:04:06Z;76487;5630;316;0;69;9065
a1YS7XVvTiM;Microsoft Flight Simulator;СТРИМ ИЗ САМОЛЕТА-ЛЕТИМ В МИНСК К РАЗРАБОТЧИКАМ-ЗАНИМАЙТЕ МЕСТА;2020-08-18T20:01:56Z;139083;10419;454;0;266;11695
f39iXVBgOJs;ПОЛОЖНЯК ПО ДЕСЯТКЕ (ГАЙДЫ ПО 10 ЛВЛ);ЛЕГЕНДА - Т-22 СР. - ГАЙД;2021-03-16T07:00:06Z;34813;3238;31;0;324;1647
fXtBVyONSXI;ПОЛОЖНЯК ПО ДЕСЯТКЕ (ГАЙДЫ ПО 10 ЛВЛ);ЧТО ТЫ ЗНАЕШЬ О БОЛИ-RINOCERONTE - ГАЙД;2021-02-22T07:00:05Z;48137;3369;72;0;261;1884
hagVYOZ68eo;ПОЛОЖНЯК ПО ДЕСЯТКЕ (ГАЙДЫ ПО 10 ЛВЛ);ПОКУШАТЬ С ГЛОБАЛЬНОЙ КАРТЫ-CARRO 45 t - ГАЙД;2021-02-16T07:00:07Z;38290;3092;78;0;249;1929
YD4Ke3fLSDg;ПОЛОЖНЯК ПО ДЕСЯТКЕ (ГАЙДЫ ПО 10 ЛВЛ);КУЧА-Foch 155;2020-12-31T07:00:14Z;62048;3538;103;0;431;1490
I55-h_KMpl8;ПОЛОЖНЯК ПО ДЕСЯТКЕ (ГАЙДЫ ПО 10 ЛВЛ);РЕБАЛАНС ВО ПЛОТИ-Foch B;2020-12-29T07:00:07Z;78228;4336;119;0;330;2002
CjFg2ze6rpU;ПОЛОЖНЯК ПО ДЕСЯТКЕ (ГАЙДЫ ПО 10 ЛВЛ);ЛУЧШИЙ В ДЕЛЕ-M60;2020-12-27T07:00:01Z;58325;3498;71;0;310;2161
kezShMY5HrE;ПОЛОЖНЯК ПО ДЕСЯТКЕ (ГАЙДЫ ПО 10 ЛВЛ);ЧУЧЕЛО-AMX 30 B;2020-12-25T07:00:06Z;41545;3058;76;0;312;1785
5xtkWWhU-8Y;ПОЛОЖНЯК ПО ДЕСЯТКЕ (ГАЙДЫ ПО 10 ЛВЛ);ВЕТЕРАН-Объект 268;2020-12-23T07:00:01Z;54580;3084;79;0;299;2255
pg9y1uIRw0U;ПОЛОЖНЯК ПО ДЕСЯТКЕ (ГАЙДЫ ПО 10 ЛВЛ);АМЕРИКАНСКИЙ СТБ-T95E6;2020-12-21T07:00:20Z;40348;2667;42;0;233;1837
EwcGVYWH6uA;ПОЛОЖНЯК ПО ДЕСЯТКЕ (ГАЙДЫ ПО 10 ЛВЛ);БРАТИШКА-WZ-113G FT;2020-12-19T07:00:02Z;59705;3571;79;0;303;2184
mkRZqqw8JzQ;ПОЛОЖНЯК ПО ДЕСЯТКЕ (ГАЙДЫ ПО 10 ЛВЛ);МАКСИМУМ БЕСПОЛЕЗНОСТИ-Strv 103B;2020-12-17T07:00:07Z;71798;4360;152;0;479;2131
rn19uw0dyiw;ПОЛОЖНЯК ПО ДЕСЯТКЕ (ГАЙДЫ ПО 10 ЛВЛ);ЦАРЬ-ПУШКА-FV215b;2020-12-15T07:00:07Z;71913;3896;105;0;351;1919
IzQLWMWB780;ПОЛОЖНЯК ПО ДЕСЯТКЕ (ГАЙДЫ ПО 10 ЛВЛ);ХУДШИЙ ИЗ ХУДШИХ-WZ-132-1;2020-12-09T07:00:05Z;35200;2313;63;0;242;2215
SnHvmacs6Rw;ПОЛОЖНЯК ПО ДЕСЯТКЕ (ГАЙДЫ ПО 10 ЛВЛ);МАКСИМАЛЬНАЯ СЛОЖНОСТЬ-MANTICORE;2020-12-07T07:00:12Z;75477;4053;92;0;487;2177
0SqYzSrIeR4;ПОЛОЖНЯК ПО ДЕСЯТКЕ (ГАЙДЫ ПО 10 ЛВЛ);КИБЕРБУЛЛЕР-UDES 15/16;2020-12-05T07:00:01Z;64382;3847;96;0;304;2144
4wxDe7BYSuQ;ПОЛОЖНЯК ПО ДЕСЯТКЕ (ГАЙДЫ ПО 10 ЛВЛ);ГРЕБЕНЬ-Panzerwagen;2020-12-03T07:00:01Z;39786;2722;74;0;361;1757
i3kPQw8x8gU;ПОЛОЖНЯК ПО ДЕСЯТКЕ (ГАЙДЫ ПО 10 ЛВЛ);БЕСПОЛЕЗНАЯ КУРИЦА-Grille 15;2020-12-01T07:00:16Z;69357;4129;132;0;448;1847
BYi2HwI0dIQ;ПОЛОЖНЯК ПО ДЕСЯТКЕ (ГАЙДЫ ПО 10 ЛВЛ);КОШКА ПРИБОЛЕЛА-Leopard 1;2020-11-27T07:00:01Z;62602;3500;169;0;366;1514
MM87XX0NJNk;ПОЛОЖНЯК ПО ДЕСЯТКЕ (ГАЙДЫ ПО 10 ЛВЛ);ТРЕНАЖЕР-SHERIDAN;2020-11-25T07:00:06Z;51985;3146;120;0;381;1789
aU5YNyMDyOk;ПОЛОЖНЯК ПО ДЕСЯТКЕ (ГАЙДЫ ПО 10 ЛВЛ);ВЫСОКАЯ СИЛЬНОСТЬ-AMX 13 105;2020-11-23T07:00:01Z;59767;3619;147;0;454;1397
0CyugBGh0Y4;ПОЛОЖНЯК ПО ДЕСЯТКЕ (ГАЙДЫ ПО 10 ЛВЛ);МОТОЦИКЛ С БРОНЕЙ-Т-100 ЛТ;2020-11-21T07:00:00Z;54702;3496;203;0;387;1679
quhUSC3tx9g;ПОЛОЖНЯК ПО ДЕСЯТКЕ (ГАЙДЫ ПО 10 ЛВЛ);НЕРЕАЛЬНЫЙ ГОНЩИК-EBR 105;2020-11-17T07:00:06Z;65536;3972;157;0;505;2104
y-64VDrbs8U;ПОЛОЖНЯК ПО ДЕСЯТКЕ (ГАЙДЫ ПО 10 ЛВЛ);МЕЧТА ПСЕВДЫ-ОБЪЕКТ 907;2020-11-15T07:00:18Z;73850;4271;116;0;364;2342
5nUlR53KMHI;ПОЛОЖНЯК ПО ДЕСЯТКЕ (ГАЙДЫ ПО 10 ЛВЛ);КОРОЛЬ ПОПСЫ-T95/FV4201 Chieftain;2020-11-13T07:00:01Z;78639;4947;104;0;501;1672
sb3JL3IdnnM;ПОЛОЖНЯК ПО ДЕСЯТКЕ (ГАЙДЫ ПО 10 ЛВЛ);ПОЛЬСКИЙ ФЛЭШ-CS-63;2020-11-11T07:00:06Z;60781;3257;96;0;331;1714
QsPtM3F4jkQ;ПОЛОЖНЯК ПО ДЕСЯТКЕ (ГАЙДЫ ПО 10 ЛВЛ);НАСТОЯЩИЙ МУЖЧИНА-VK 72.01 (K);2020-11-09T07:00:03Z;54000;3097;62;0;319;2122
FRCokVyG6bk;ПОЛОЖНЯК ПО ДЕСЯТКЕ (ГАЙДЫ ПО 10 ЛВЛ);НЕМЕЦКИЙ БОЯРИН-Pz.Kpfw. VII;2020-11-07T07:00:02Z;44850;3074;70;0;364;2821
GdC7D9WxnLw;ПОЛОЖНЯК ПО ДЕСЯТКЕ (ГАЙДЫ ПО 10 ЛВЛ);НИНДЗЯ С ДУБИНОЙ-WZ-111 5A;2020-11-05T07:00:04Z;75402;3717;69;0;324;2603
ajHXQjoj3oU;ПОЛОЖНЯК ПО ДЕСЯТКЕ (ГАЙДЫ ПО 10 ЛВЛ);НЕДОКОНЬ-AMX M4 54;2020-11-03T07:00:01Z;57425;3501;72;0;435;2284
Q_jcxS0MAl8;ПОЛОЖНЯК ПО ДЕСЯТКЕ (ГАЙДЫ ПО 10 ЛВЛ);121B-ПОЛОЖНЯК ПО ДЕСЯТКЕ;2020-11-01T05:00:02Z;42991;2217;58;0;348;2659
5fjnpF7O2_A;ПОЛОЖНЯК ПО ДЕСЯТКЕ (ГАЙДЫ ПО 10 ЛВЛ);121-ПОЛОЖНЯК ПО ДЕСЯТКЕ;2020-10-30T04:00:01Z;40100;2428;55;0;344;1990
3rDc0doybiY;ПОЛОЖНЯК ПО ДЕСЯТКЕ (ГАЙДЫ ПО 10 ЛВЛ);Centurion Action X-ПОЛОЖНЯК ПО ДЕСЯТКЕ;2020-10-28T04:00:00Z;54013;3615;84;0;441;1960
8fU_6wgRZn8;ПОЛОЖНЯК ПО ДЕСЯТКЕ (ГАЙДЫ ПО 10 ЛВЛ);E 50M-ПОЛОЖНЯК ПО ДЕСЯТКЕ;2020-10-26T04:00:01Z;53074;3507;51;0;350;1922
GZrgAwhlAU8;ПОЛОЖНЯК ПО ДЕСЯТКЕ (ГАЙДЫ ПО 10 ЛВЛ);ОБЪЕКТ 140-ПОЛОЖНЯК ПО ДЕСЯТКЕ;2020-10-24T04:00:03Z;75943;4248;92;0;406;1595
jEiy6lOdEBI;ПОЛОЖНЯК ПО ДЕСЯТКЕ (ГАЙДЫ ПО 10 ЛВЛ);FV215B (183)-ПОЛОЖНЯК ПО ДЕСЯТКЕ;2020-10-22T04:00:11Z;50272;3342;97;0;604;1452
jWp61QVABNE;ПОЛОЖНЯК ПО ДЕСЯТКЕ (ГАЙДЫ ПО 10 ЛВЛ);FV4005-ПОЛОЖНЯК ПО ДЕСЯТКЕ;2020-10-20T04:00:10Z;83650;4832;219;0;678;1486
skmaOzd2oqk;ПОЛОЖНЯК ПО ДЕСЯТКЕ (ГАЙДЫ ПО 10 ЛВЛ);Type 5 Heavy-ПОЛОЖНЯК ПО ДЕСЯТКЕ;2020-10-18T04:00:14Z;58414;3363;72;0;529;2499
oqwehYcuJOk;ПОЛОЖНЯК ПО ДЕСЯТКЕ (ГАЙДЫ ПО 10 ЛВЛ);Maus-ПОЛОЖНЯК ПО ДЕСЯТКЕ;2020-10-16T04:00:05Z;67560;4203;77;0;502;2462
pFa61yzDFpA;ПОЛОЖНЯК ПО ДЕСЯТКЕ (ГАЙДЫ ПО 10 ЛВЛ);M48 Patton-ПОЛОЖНЯК ПО ДЕСЯТКЕ;2020-10-14T04:00:05Z;65735;3489;70;0;498;1841
g7ixvCp4oQ8;ПОЛОЖНЯК ПО ДЕСЯТКЕ (ГАЙДЫ ПО 10 ЛВЛ);113-ПОЛОЖНЯК ПО ДЕСЯТКЕ;2020-10-12T04:00:07Z;56765;3440;52;0;542;1850
QM0jSW5hfz4;ПОЛОЖНЯК ПО ДЕСЯТКЕ (ГАЙДЫ ПО 10 ЛВЛ);Т-62А-ПОЛОЖНЯК ПО ДЕСЯТКЕ;2020-10-10T04:00:02Z;74543;3709;125;0;598;2254
HpF5KjsRI-A;ПОЛОЖНЯК ПО ДЕСЯТКЕ (ГАЙДЫ ПО 10 ЛВЛ);FV217 Badger-ПОЛОЖНЯК ПО ДЕСЯТКЕ;2020-10-08T04:00:06Z;59519;3687;79;0;493;1481
0SOfqZy2ywo;ПОЛОЖНЯК ПО ДЕСЯТКЕ (ГАЙДЫ ПО 10 ЛВЛ);К-91-ПОЛОЖНЯК ПО ДЕСЯТКЕ;2020-10-06T04:00:01Z;65223;3576;98;0;538;2036
60X4ougxHwI;ПОЛОЖНЯК ПО ДЕСЯТКЕ (ГАЙДЫ ПО 10 ЛВЛ);Т110Е4-ПОЛОЖНЯК ПО ДЕСЯТКЕ;2020-10-04T04:00:01Z;77783;4401;105;0;571;1985
JWXAizQJjxQ;ПОЛОЖНЯК ПО ДЕСЯТКЕ (ГАЙДЫ ПО 10 ЛВЛ);Т110Е3-ПОЛОЖНЯК ПО ДЕСЯТКЕ;2020-10-02T04:00:05Z;80776;4039;115;0;520;2110
9rLgKQdz9fw;ПОЛОЖНЯК ПО ДЕСЯТКЕ (ГАЙДЫ ПО 10 ЛВЛ);Объект 268 Вариант 4-ПОЛОЖНЯК ПО ДЕСЯТКЕ;2020-09-30T04:00:02Z;95802;4501;193;0;512;2228
Ocnsyyz2ayk;ПОЛОЖНЯК ПО ДЕСЯТКЕ (ГАЙДЫ ПО 10 ЛВЛ);Jagdpanzer E 100-ПОЛОЖНЯК ПО ДЕСЯТКЕ;2020-09-28T04:00:03Z;108139;5023;273;0;567;2012
IKr3CaUrCiY;ПОЛОЖНЯК ПО ДЕСЯТКЕ (ГАЙДЫ ПО 10 ЛВЛ);Progetto M40 mod. 65-ПОЛОЖНЯК ПО ДЕСЯТКЕ;2020-09-26T10:00:05Z;78269;3644;109;0;470;2406
tM5ZAcU6j8Q;ПОЛОЖНЯК ПО ДЕСЯТКЕ (ГАЙДЫ ПО 10 ЛВЛ);TVP T 50/51-ПОЛОЖНЯК ПО ДЕСЯТКЕ;2020-09-24T07:00:20Z;80241;4061;100;0;478;1774
ht02PxbBHYA;ПОЛОЖНЯК ПО ДЕСЯТКЕ (ГАЙДЫ ПО 10 ЛВЛ);BAT.-CHÂTILLON 25 T-ПОЛОЖНЯК ПО ДЕСЯТКЕ;2020-09-22T07:00:06Z;66868;3562;88;0;607;2125
QRJEMnzPNDI;ПОЛОЖНЯК ПО ДЕСЯТКЕ (ГАЙДЫ ПО 10 ЛВЛ);AMX 50 B-ПОЛОЖНЯК ПО ДЕСЯТКЕ;2020-09-18T07:00:04Z;73881;3778;99;0;497;1655
wyPeKCFmpdU;ПОЛОЖНЯК ПО ДЕСЯТКЕ (ГАЙДЫ ПО 10 ЛВЛ);Kranvagn-ПОЛОЖНЯК ПО ДЕСЯТКЕ;2020-09-16T07:00:08Z;63169;3572;85;0;446;1950
iHDDou6CJ6M;ПОЛОЖНЯК ПО ДЕСЯТКЕ (ГАЙДЫ ПО 10 ЛВЛ);T57 HEAVY TANK-ПОЛОЖНЯК ПО ДЕСЯТКЕ;2020-09-14T07:00:05Z;103045;5207;115;0;725;2029
aEy7BsbpGL4;ПОЛОЖНЯК ПО ДЕСЯТКЕ (ГАЙДЫ ПО 10 ЛВЛ);Объект 279 ранний-ПОЛОЖНЯК ПО ДЕСЯТКЕ;2020-09-12T07:00:01Z;97697;4993;158;0;613;2213
9fzVgekJNFg;ПОЛОЖНЯК ПО ДЕСЯТКЕ (ГАЙДЫ ПО 10 ЛВЛ);Объект 705А-ПОЛОЖНЯК ПО ДЕСЯТКЕ;2020-09-10T07:00:01Z;111855;5060;183;0;611;2064
59oJ54dMmvw;ПОЛОЖНЯК ПО ДЕСЯТКЕ (ГАЙДЫ ПО 10 ЛВЛ);Объект 260-ПОЛОЖНЯК ПО ДЕСЯТКЕ;2020-09-08T07:00:01Z;73547;5013;87;0;727;1882
eO8deeLTSx8;ПОЛОЖНЯК ПО ДЕСЯТКЕ (ГАЙДЫ ПО 10 ЛВЛ);ИС-7-ПОЛОЖНЯК ПО ДЕСЯТКЕ;2020-09-06T07:00:04Z;101743;5622;156;0;673;2438
1hEl7yrWmDY;ПОЛОЖНЯК ПО ДЕСЯТКЕ (ГАЙДЫ ПО 10 ЛВЛ);60TP Lewandowskiego-ПОЛОЖНЯК ПО ДЕСЯТКЕ;2020-09-04T05:00:00Z;74940;4096;101;0;584;2130
H2kS0v6VyfI;ПОЛОЖНЯК ПО ДЕСЯТКЕ (ГАЙДЫ ПО 10 ЛВЛ);Объект 277-ПОЛОЖНЯК ПО ДЕСЯТКЕ;2020-09-02T07:00:04Z;115154;6051;132;0;628;2066
vZJBZMy2BXA;ПОЛОЖНЯК ПО ДЕСЯТКЕ (ГАЙДЫ ПО 10 ЛВЛ);Super Conqueror-ПОЛОЖНЯК ПО ДЕСЯТКЕ;2020-08-31T07:00:08Z;77903;4997;100;0;622;2165
26M5RSwQlHU;ПОЛОЖНЯК ПО ДЕСЯТКЕ (ГАЙДЫ ПО 10 ЛВЛ);Объект 430У-ПОЛОЖНЯК ПО ДЕСЯТКЕ;2020-08-27T07:00:01Z;97877;5877;128;0;756;1890
boN-csJepv4;ПОЛОЖНЯК ПО ДЕСЯТКЕ (ГАЙДЫ ПО 10 ЛВЛ);Т-22 СР.-ПОЛОЖНЯК ПО ДЕСЯТКЕ;2020-08-25T07:00:04Z;95989;6317;169;0;895;1695
cvxzuqR_zq4;ПОЛОЖНЯК ПО ДЕСЯТКЕ (ГАЙДЫ ПО 10 ЛВЛ);СТ-II-ПОЛОЖНЯК ПО ДЕСЯТКЕ;2020-08-23T07:00:18Z;84725;4333;98;0;592;2097
R2SCrQolJZo;ПОЛОЖНЯК ПО ДЕСЯТКЕ (ГАЙДЫ ПО 10 ЛВЛ);Е 100-ПОЛОЖНЯК ПО ДЕСЯТКЕ;2020-08-21T07:00:03Z;61210;4902;75;0;677;1906
cDTCgsrj-m8;ПОЛОЖНЯК ПО ДЕСЯТКЕ (ГАЙДЫ ПО 10 ЛВЛ);ИС-4-ПОЛОЖНЯК ПО ДЕСЯТКЕ;2020-08-19T07:00:12Z;98846;5778;120;0;784;1765
-JjY5UdFcw0;ПОЛОЖНЯК ПО ДЕСЯТКЕ (ГАЙДЫ ПО 10 ЛВЛ);STB-1-ПОЛОЖНЯК ПО ДЕСЯТКЕ;2020-08-17T07:00:01Z;123058;5890;154;0;854;1916
_Sc0PLE8hi4;ПОЛОЖНЯК ПО ДЕСЯТКЕ (ГАЙДЫ ПО 10 ЛВЛ);Т110Е5-ПОЛОЖНЯК ПО ДЕСЯТКЕ;2020-08-15T07:00:05Z;86095;6489;105;0;1727;1686
-bGd-Q-SHJc;ТАНКИ ЗА БОНЫ;КАК ИГРАТЬ НА СТГ ГВАРДЕЕЦ (ГАЙДЫ ПО ПРЕМИУМ ТАНКАМ);2020-04-03T07:00:00Z;140739;6942;344;0;2099;2718
W4uGNmKJ0Fg;ТАНКИ ЗА БОНЫ;КАК ИГРАТЬ НА AMX M4 mle. 49 (ГАЙДЫ ПО ПРЕМИУМ ТАНКАМ);2020-04-05T07:00:19Z;162514;8764;557;0;2273;2873
OA_4NRq2u4Y;ТАНКИ ЗА БОНЫ;КАК ИГРАТЬ НА Т26Е5 (ГАЙДЫ ПО ПРЕМИУМ ТАНКАМ);2020-04-07T07:00:09Z;144371;6897;368;0;1554;2355
WoRzBVPgvMI;ТАНКИ ЗА БОНЫ;КАК ИГРАТЬ НА PANZER 58 MUTZ (ГАЙДЫ ПО ПРЕМИУМ ТАНКАМ);2020-05-27T07:00:08Z;55048;3349;87;0;661;2292
gx3_t3H_5xo;ТАНКИ ЗА БОНЫ;КАК ИГРАТЬ НА ИС-5 (ОБЪЕКТ 730) (ГАЙДЫ ПО ПРЕМИУМ ТАНКАМ);2020-07-10T07:00:08Z;106868;5192;317;0;695;2243
a0WgE2xo5aw;ТАНКИ ЗА БОНЫ;КАК ИГРАТЬ НА M46 Patton KR (ГАЙДЫ ПО ПРЕМИУМ ТАНКАМ);2020-07-12T07:00:01Z;40202;2800;73;0;458;2106
gHF3GW9Sh5s;ТАНКИ ЗА БОНЫ;КАК ИГРАТЬ НА Chrysler K (ГАЙДЫ ПО ПРЕМИУМ ТАНКАМ);2020-06-16T07:00:11Z;146854;6248;400;0;682;2288
duS-wmxAZdY;ТАНКИ ЗА БОНЫ;КАК ИГРАТЬ НА КВ-4 КРЕСЛАВСКОГО (ГАЙДЫ ПО ПРЕМИУМ ТАНКАМ);2020-07-16T07:00:21Z;57086;4186;94;0;451;2610
6weYYHheKwg;ТАНКИ ЗА БОНЫ;КАК ИГРАТЬ НА ИС-6 (ГАЙДЫ ПО ПРЕМИУМ ТАНКАМ);2020-05-25T07:00:04Z;144670;6404;269;0;1038;2401
JzHgH-dj5r4;The Last of Us Part II;The Last of Us Part II-ЛУЧШАЯ ИГРА ГОДА-ЭКСКЛЮЗИВ PS4 (ЧАСТЬ 1);2020-06-19T22:47:26Z;78179;4832;199;0;169;18542
MnPRqZbmgIA;The Last of Us Part II;The Last of Us Part II-ЕДЕМ РВАТЬ-ЭКСКЛЮЗИВ PS4 (ЧАСТЬ 2);2020-06-20T23:00:56Z;55021;3640;90;0;220;18592
bU5lEEcIng8;The Last of Us Part II;The Last of Us Part II-ДО САМОГО КОНЦА-БОРЦУХА ИЛИ ЗЛАЯ ЛЕСБА;2020-06-22T01:14:31Z;26351;2033;34;0;33;6965
aAvIfjN6jHc;The Last of Us Part II;The Last of Us Part II-ЛЕСБА ИЛИ БОРЦУХА-ДО ФИНАЛА (ЧАСТЬ 4);2020-06-21T23:19:32Z;49368;3546;109;0;137;17925
UR8yQXPPJZc;Resident Evil 3;Resident Evil 3-ВИРУС ПОЛОМАЛ ЛЁХ-ПРОРЫВАЕМСЯ НА ВОЛЮ (ЧАСТЬ 1);2020-04-03T21:10:19Z;45096;3263;84;0;65;10867
6NaqEnraXYI;Resident Evil 3;Resident Evil 3 - U.E.B.A.N. ГОНИТСЯ ЗА НАМИ-ФИНАЛ;2020-04-04T19:44:57Z;26849;2107;62;0;53;6037
xc8w1SlP_JQ;ГАЙДЫ ПО ПРЕМИУМ ТАНКАМ;АП НЕ ПОМОГ - СТГ ГВАРДЕЕЦ - ГАЙД;2021-03-10T07:00:09Z;41726;2939;54;0;197;1776
5BLn8ttsrk4;ГАЙДЫ ПО ПРЕМИУМ ТАНКАМ;ОН СТАЛ ЛУЧШЕ - Т-34-3 - ГАЙД;2021-03-08T07:00:03Z;48708;3012;52;0;205;2180
9CO-8-l1LkA;ГАЙДЫ ПО ПРЕМИУМ ТАНКАМ;ЭТО РАКЕТА, ЭТО САМОЛЕТ - Т26Е4 СУПЕРПЕРШИНГ - ГАЙД;2021-03-06T07:00:03Z;114114;5877;135;0;417;1944
dzZ8LHDbbVs;ГАЙДЫ ПО ПРЕМИУМ ТАНКАМ;АКТУАЛИЗАЦИЯ - STA-2 - ГАЙД;2021-03-04T07:00:12Z;40834;2777;38;0;188;1318
UuIYY4CN2jk;ГАЙДЫ ПО ПРЕМИУМ ТАНКАМ;ВОДОВОРОТ БАЛАНСА - 122 ТМ - ГАЙД;2021-02-14T07:00:16Z;93355;7100;273;0;472;1891
LVd6yLf0ieo;ГАЙДЫ ПО ПРЕМИУМ ТАНКАМ;КАК ИГРАТЬ НА BISONTE C45 (ГАЙДЫ ПО ПРЕМИУМ ТАНКАМ);2020-12-13T07:00:08Z;96102;4528;207;0;303;1771
VOasEpPcJVw;ГАЙДЫ ПО ПРЕМИУМ ТАНКАМ;КАК ИГРАТЬ НА GSOR 1008 (ГАЙДЫ ПО ПРЕМИУМ ТАНКАМ);2020-12-11T07:00:18Z;94506;4638;204;0;294;1936
Y4Ex91l-fGw;ГАЙДЫ ПО ПРЕМИУМ ТАНКАМ;КАК ИГРАТЬ НА ОБЪЕКТ 274А (ГАЙДЫ ПО ПРЕМИУМ ТАНКАМ);2020-11-29T07:00:05Z;79116;4479;267;0;458;1789
nhfwvqrjbTk;ГАЙДЫ ПО ПРЕМИУМ ТАНКАМ;КАК ИГРАТЬ НА Panther 8,8 (ГАЙДЫ ПО ПРЕМИУМ ТАНКАМ);2020-10-23T04:00:11Z;51275;3146;91;0;316;1807
ILvnbn4Tbig;ГАЙДЫ ПО ПРЕМИУМ ТАНКАМ;КАК ИГРАТЬ НА T77 (ГАЙДЫ ПО ПРЕМИУМ ТАНКАМ);2020-09-29T04:00:01Z;69259;4140;136;0;675;2353
dhGHYe0Iktk;ГАЙДЫ ПО ПРЕМИУМ ТАНКАМ;КАК ИГРАТЬ НА T42  (ГАЙДЫ ПО ПРЕМИУМ ТАНКАМ);2020-09-20T07:00:09Z;30150;2242;55;0;174;2356
YzZMi3HWphQ;ГАЙДЫ ПО ПРЕМИУМ ТАНКАМ;КАК ИГРАТЬ НА CS-52 LIS (ГАЙДЫ ПО ПРЕМИУМ ТАНКАМ);2020-08-29T07:00:03Z;70762;4550;147;0;352;1925
xVsAiXkpvg4;ГАЙДЫ ПО ПРЕМИУМ ТАНКАМ;КАК ИГРАТЬ НА Kanonenjagdpanzer 105 (ГАЙДЫ ПО ПРЕМИУМ ТАНКАМ);2020-08-13T07:00:15Z;81936;4717;288;0;503;2666
4nZjdofRchg;ГАЙДЫ ПО ПРЕМИУМ ТАНКАМ;КАК ИГРАТЬ НА T25 Pilot Number 1 (ГАЙДЫ ПО ПРЕМИУМ ТАНКАМ);2020-08-11T07:00:01Z;36397;3108;86;0;402;2132
TgNG_9FXkeg;ГАЙДЫ ПО ПРЕМИУМ ТАНКАМ;КАК ИГРАТЬ НА Chieftain/T95 (ГАЙДЫ ПО ПРЕМИУМ ТАНКАМ);2020-08-09T07:00:09Z;67016;4825;173;0;768;2201
kOWyFflSQ44;ГАЙДЫ ПО ПРЕМИУМ ТАНКАМ;КАК ИГРАТЬ НА FV1066 Senlac (ГАЙДЫ ПО ПРЕМИУМ ТАНКАМ);2020-08-07T07:00:08Z;39597;2515;96;0;596;2649
U5gQi4-EgYY;ГАЙДЫ ПО ПРЕМИУМ ТАНКАМ;КАК ИГРАТЬ НА STRV 81 Primo Victoria (ГАЙДЫ ПО ПРЕМИУМ ТАНКАМ);2020-08-05T07:00:04Z;33563;2442;80;0;434;3072
6kXYp3jtEX8;ГАЙДЫ ПО ПРЕМИУМ ТАНКАМ;КАК ИГРАТЬ НА Turtle Mk. I (ГАЙДЫ ПО ПРЕМИУМ ТАНКАМ);2020-08-03T07:00:02Z;60089;3469;95;0;445;2468
IbGEpijkqek;ГАЙДЫ ПО ПРЕМИУМ ТАНКАМ;КАК ИГРАТЬ НА leKpz M 41 90 mm GF (ЧЕРНЫЙ БУЛЬДОГ) (ГАЙДЫ ПО ПРЕМИУМ ТАНКАМ);2020-08-01T07:00:02Z;33917;2071;76;0;328;2342
wwEoWiGgbGU;ГАЙДЫ ПО ПРЕМИУМ ТАНКАМ;КАК ИГРАТЬ НА Panhard EBR 75 (FL 10) (ГАЙДЫ ПО ПРЕМИУМ ТАНКАМ);2020-07-30T07:00:10Z;44543;2798;72;0;342;1852
bt77Z-0a0HM;ГАЙДЫ ПО ПРЕМИУМ ТАНКАМ;КАК ИГРАТЬ НА TL-1 LPC (The Offspring) (ГАЙДЫ ПО ПРЕМИУМ ТАНКАМ);2020-07-28T07:00:18Z;55700;3048;110;0;439;2277
UG-dRqpnlgY;ГАЙДЫ ПО ПРЕМИУМ ТАНКАМ;КАК ИГРАТЬ НА M41D (ГАЙДЫ ПО ПРЕМИУМ ТАНКАМ);2020-07-26T07:00:07Z;28870;2332;47;0;356;2280
tfUN4RQge6w;ГАЙДЫ ПО ПРЕМИУМ ТАНКАМ;КАК ИГРАТЬ НА WZ-111 (Alpine Tiger) (ГАЙДЫ ПО ПРЕМИУМ ТАНКАМ);2020-07-24T07:00:10Z;26634;1903;67;0;240;2591
H9WH3srIQ8s;ГАЙДЫ ПО ПРЕМИУМ ТАНКАМ;КАК ИГРАТЬ НА Т-44-100 (ГАЙДЫ ПО ПРЕМИУМ ТАНКАМ);2020-07-22T07:00:07Z;53171;3358;126;0;438;2393
6oWDobLuIPU;ГАЙДЫ ПО ПРЕМИУМ ТАНКАМ;КАК ИГРАТЬ НА Strv S1 (ГАЙДЫ ПО ПРЕМИУМ ТАНКАМ);2020-07-20T07:00:02Z;69160;3648;453;0;592;1839
bPLQ_8W8Lnk;ГАЙДЫ ПО ПРЕМИУМ ТАНКАМ;КАК ИГРАТЬ НА Škoda T 27 (ГАЙДЫ ПО ПРЕМИУМ ТАНКАМ);2020-07-18T07:00:04Z;55760;2927;95;0;346;2226
duS-wmxAZdY;ГАЙДЫ ПО ПРЕМИУМ ТАНКАМ;КАК ИГРАТЬ НА КВ-4 КРЕСЛАВСКОГО (ГАЙДЫ ПО ПРЕМИУМ ТАНКАМ);2020-07-16T07:00:21Z;57086;4186;94;0;451;2610
Le7Y5TZfNiQ;ГАЙДЫ ПО ПРЕМИУМ ТАНКАМ;КАК ИГРАТЬ НА Объект 252У Защитник (ГАЙДЫ ПО ПРЕМИУМ ТАНКАМ);2020-07-14T07:00:04Z;110442;5047;224;0;631;2903
a0WgE2xo5aw;ГАЙДЫ ПО ПРЕМИУМ ТАНКАМ;КАК ИГРАТЬ НА M46 Patton KR (ГАЙДЫ ПО ПРЕМИУМ ТАНКАМ);2020-07-12T07:00:01Z;40202;2800;73;0;458;2106
gx3_t3H_5xo;ГАЙДЫ ПО ПРЕМИУМ ТАНКАМ;КАК ИГРАТЬ НА ИС-5 (ОБЪЕКТ 730) (ГАЙДЫ ПО ПРЕМИУМ ТАНКАМ);2020-07-10T07:00:08Z;106868;5192;317;0;695;2243
ozoTnv0Jrjc;ГАЙДЫ ПО ПРЕМИУМ ТАНКАМ;КАК ИГРАТЬ НА EMIL 1951 (ГАЙДЫ ПО ПРЕМИУМ ТАНКАМ);2020-07-08T07:00:17Z;49599;2936;99;0;499;2413
wH33q2KOZSI;ГАЙДЫ ПО ПРЕМИУМ ТАНКАМ;КАК ИГРАТЬ НА AMX CDC (ГАЙДЫ ПО ПРЕМИУМ ТАНКАМ);2020-07-06T07:00:20Z;50095;3595;100;0;585;1535
uHv_9xukTZs;ГАЙДЫ ПО ПРЕМИУМ ТАНКАМ;КАК ИГРАТЬ НА VK 168.01 (P) (ГАЙДЫ ПО ПРЕМИУМ ТАНКАМ);2020-07-04T07:00:10Z;70432;3724;139;0;524;2230
5YnYyyKif0w;ГАЙДЫ ПО ПРЕМИУМ ТАНКАМ;КАК ИГРАТЬ НА VK 75.01 (K) (ГАЙДЫ ПО ПРЕМИУМ ТАНКАМ);2020-07-02T07:00:01Z;69915;3592;167;0;420;2271
yJEgx6chNxc;ГАЙДЫ ПО ПРЕМИУМ ТАНКАМ;КАК ИГРАТЬ НА Lorraine 40 t (ГАЙДЫ ПО ПРЕМИУМ ТАНКАМ);2020-06-30T07:00:24Z;58463;3093;149;0;500;2237
2-tWiJH6OP8;ГАЙДЫ ПО ПРЕМИУМ ТАНКАМ;КАК ИГРАТЬ НА Bourrasque (ГАЙДЫ ПО ПРЕМИУМ ТАНКАМ);2020-06-28T07:00:00Z;89117;3977;244;0;476;2158
EuuDGZR_HLQ;ГАЙДЫ ПО ПРЕМИУМ ТАНКАМ;КАК ИГРАТЬ НА STA-2 (ГАЙДЫ ПО ПРЕМИУМ ТАНКАМ);2020-06-26T07:00:04Z;45911;3216;102;0;627;1686
BnUdEaDgJS0;ГАЙДЫ ПО ПРЕМИУМ ТАНКАМ;КАК ИГРАТЬ НА M54 RENEGADE (ГАЙДЫ ПО ПРЕМИУМ ТАНКАМ);2020-06-24T07:00:04Z;84303;4305;172;0;575;1801
TZFqCKHIlhs;ГАЙДЫ ПО ПРЕМИУМ ТАНКАМ;КАК ИГРАТЬ НА ИСУ-152К (ГАЙДЫ ПО ПРЕМИУМ ТАНКАМ);2020-06-22T07:00:06Z;58821;3296;116;0;412;2562
o9zujHMA1_4;ГАЙДЫ ПО ПРЕМИУМ ТАНКАМ;КАК ИГРАТЬ НА M48A2 Räumpanzer (ГАЙДЫ ПО ПРЕМИУМ ТАНКАМ);2020-06-20T07:00:13Z;37607;2401;36;0;458;2180
XEXL7D-og1g;ГАЙДЫ ПО ПРЕМИУМ ТАНКАМ;КАК ИГРАТЬ НА M4A1 Revalorisé (ГАЙДЫ ПО ПРЕМИУМ ТАНКАМ);2020-06-18T07:00:05Z;45586;3030;144;0;864;1894
gHF3GW9Sh5s;ГАЙДЫ ПО ПРЕМИУМ ТАНКАМ;КАК ИГРАТЬ НА Chrysler K (ГАЙДЫ ПО ПРЕМИУМ ТАНКАМ);2020-06-16T07:00:11Z;146854;6248;400;0;682;2288
rrV3gfmMXrE;ГАЙДЫ ПО ПРЕМИУМ ТАНКАМ;КАК ИГРАТЬ НА TYPE 59 (ГАЙДЫ ПО ПРЕМИУМ ТАНКАМ);2020-06-14T07:00:12Z;52706;3271;101;0;671;2017
mYHZWKDmGkQ;ГАЙДЫ ПО ПРЕМИУМ ТАНКАМ;КАК ИГРАТЬ НА 59-PATTON (ГАЙДЫ ПО ПРЕМИУМ ТАНКАМ);2020-06-12T07:00:19Z;36884;2500;78;0;665;1727
6dU_1zWXe3k;ГАЙДЫ ПО ПРЕМИУМ ТАНКАМ;КАК ИГРАТЬ НА СУ-130ПМ (ГАЙДЫ ПО ПРЕМИУМ ТАНКАМ);2020-06-10T07:00:02Z;69601;3761;133;0;631;2174
7rTMKVOdFCw;ГАЙДЫ ПО ПРЕМИУМ ТАНКАМ;КАК ИГРАТЬ НА PROGETTO M35 MOD. 46 (ГАЙДЫ ПО ПРЕМИУМ ТАНКАМ);2020-06-08T07:00:01Z;83421;4510;187;0;793;1952
RkylXUeOElA;ГАЙДЫ ПО ПРЕМИУМ ТАНКАМ;КАК ИГРАТЬ НА Caernarvon Action X (ГАЙДЫ ПО ПРЕМИУМ ТАНКАМ);2020-06-06T07:00:07Z;70661;3572;123;0;658;2327
K4-tTCCxKY0;ГАЙДЫ ПО ПРЕМИУМ ТАНКАМ;КАК ИГРАТЬ НА Объект 703 Вариант II (ГАЙДЫ ПО ПРЕМИУМ ТАНКАМ);2020-06-04T07:00:03Z;99482;4647;161;0;806;2559
COuXZn_4JFY;ГАЙДЫ ПО ПРЕМИУМ ТАНКАМ;КАК ИГРАТЬ НА Centurion Mk. 5/1 RAAC (ГАЙДЫ ПО ПРЕМИУМ ТАНКАМ);2020-06-02T09:28:17Z;51178;2718;81;0;529;2402
IVxH1txmQ4g;ГАЙДЫ ПО ПРЕМИУМ ТАНКАМ;КАК ИГРАТЬ НА ЛТ-432 (ГАЙДЫ ПО ПРЕМИУМ ТАНКАМ);2020-05-31T07:00:17Z;57891;3366;115;0;678;2133
RQxKYm4lvjY;ГАЙДЫ ПО ПРЕМИУМ ТАНКАМ;КАК ИГРАТЬ НА Skorpion G (ГАЙДЫ ПО ПРЕМИУМ ТАНКАМ);2020-05-29T07:00:07Z;90560;5079;169;0;849;2066
WoRzBVPgvMI;ГАЙДЫ ПО ПРЕМИУМ ТАНКАМ;КАК ИГРАТЬ НА PANZER 58 MUTZ (ГАЙДЫ ПО ПРЕМИУМ ТАНКАМ);2020-05-27T07:00:08Z;55048;3349;87;0;661;2292
6weYYHheKwg;ГАЙДЫ ПО ПРЕМИУМ ТАНКАМ;КАК ИГРАТЬ НА ИС-6 (ГАЙДЫ ПО ПРЕМИУМ ТАНКАМ);2020-05-25T07:00:04Z;144670;6404;269;0;1038;2401
HXb_aSWq4Fg;ГАЙДЫ ПО ПРЕМИУМ ТАНКАМ;КАК ИГРАТЬ НА AMX Canon d'assaut 105 (ГАЙДЫ ПО ПРЕМИУМ ТАНКАМ);2020-05-23T07:00:03Z;96821;4513;351;0;985;2813
wG9LettwaWY;ГАЙДЫ ПО ПРЕМИУМ ТАНКАМ;КАК ИГРАТЬ НА LANSEN C (ГАЙДЫ ПО ПРЕМИУМ ТАНКАМ);2020-05-21T07:00:26Z;52005;3506;70;0;852;2023
-je85SvPdd8;ГАЙДЫ ПО ПРЕМИУМ ТАНКАМ;КАК ИГРАТЬ НА TS-5 (ГАЙДЫ ПО ПРЕМИУМ ТАНКАМ);2020-05-19T07:00:00Z;66751;4109;131;0;1104;2288
5rGbiJIJnSI;ГАЙДЫ ПО ПРЕМИУМ ТАНКАМ;КАК ИГРАТЬ НА Т-54 первый образец (ГАЙДЫ ПО ПРЕМИУМ ТАНКАМ);2020-05-17T07:00:04Z;71306;4566;175;0;1104;2097
j9kaWgweuUY;ГАЙДЫ ПО ПРЕМИУМ ТАНКАМ;КАК ИГРАТЬ НА T-34-3 (ГАЙДЫ ПО ПРЕМИУМ ТАНКАМ);2020-05-15T07:00:27Z;64427;3852;99;0;928;2637
OOXXWpg8vbE;ГАЙДЫ ПО ПРЕМИУМ ТАНКАМ;КАК ИГРАТЬ НА FCM 50 t (ГАЙДЫ ПО ПРЕМИУМ ТАНКАМ);2020-05-13T07:00:09Z;54345;3877;82;0;1127;2333
-fX3ge8Lb54;ГАЙДЫ ПО ПРЕМИУМ ТАНКАМ;КАК ИГРАТЬ НА E 75 TS (ГАЙДЫ ПО ПРЕМИУМ ТАНКАМ);2020-05-11T07:00:01Z;80784;4300;131;0;1075;2815
QcG4VJ4B5gA;ГАЙДЫ ПО ПРЕМИУМ ТАНКАМ;КАК ИГРАТЬ НА Löwe (ГАЙДЫ ПО ПРЕМИУМ ТАНКАМ);2020-05-09T07:00:08Z;68878;5107;138;0;1048;2267
x0rx2qmBew0;ГАЙДЫ ПО ПРЕМИУМ ТАНКАМ;КАК ИГРАТЬ НА ИС-3 с МЗ (ГАЙДЫ ПО ПРЕМИУМ ТАНКАМ);2020-05-07T07:00:17Z;90157;4532;169;0;973;2670
Syc8_k04hpg;ГАЙДЫ ПО ПРЕМИУМ ТАНКАМ;КАК ИГРАТЬ НА M6A2E1 (ГУСЬ) (ГАЙДЫ ПО ПРЕМИУМ ТАНКАМ);2020-05-05T07:00:07Z;63489;4099;115;0;994;2368
wy31lrEJu04;ГАЙДЫ ПО ПРЕМИУМ ТАНКАМ;КАК ИГРАТЬ НА КВ-5 (ГАЙДЫ ПО ПРЕМИУМ ТАНКАМ);2020-05-03T07:00:18Z;50837;3916;104;0;1301;3093
ADA0Q8TInAY;ГАЙДЫ ПО ПРЕМИУМ ТАНКАМ;КАК ИГРАТЬ НА ELC EVEN 90 (ГАЙДЫ ПО ПРЕМИУМ ТАНКАМ);2020-05-01T07:00:06Z;75817;4924;406;0;1179;3040
9qQv5URg_1M;ГАЙДЫ ПО ПРЕМИУМ ТАНКАМ;КАК ИГРАТЬ НА T34 (ГАЙДЫ ПО ПРЕМИУМ ТАНКАМ);2020-04-29T07:00:02Z;93268;5939;241;0;1768;2234
BxI9u4BnL9A;ГАЙДЫ ПО ПРЕМИУМ ТАНКАМ;КАК ИГРАТЬ НА HWK 30 (ГАЙДЫ ПО ПРЕМИУМ ТАНКАМ);2020-04-27T07:00:06Z;101003;5909;273;0;1242;2188
Illj3Dqg9jY;ГАЙДЫ ПО ПРЕМИУМ ТАНКАМ;КАК ИГРАТЬ НА 50TP prototyp (ГАЙДЫ ПО ПРЕМИУМ ТАНКАМ);2020-04-25T07:00:04Z;106010;5330;235;0;1281;2371
shrmEjGs7Cw;ГАЙДЫ ПО ПРЕМИУМ ТАНКАМ;КАК ИГРАТЬ НА Somua SM (ГАЙДЫ ПО ПРЕМИУМ ТАНКАМ);2020-04-23T07:00:18Z;64782;3965;216;0;802;2035
QFmoO1rsxl0;ГАЙДЫ ПО ПРЕМИУМ ТАНКАМ;КАК ИГРАТЬ НА T26E4 SuperPershing (ГАЙДЫ ПО ПРЕМИУМ ТАНКАМ);2020-04-21T07:00:07Z;100499;5580;220;0;1282;2218
YoLR6fS9iCQ;ГАЙДЫ ПО ПРЕМИУМ ТАНКАМ;КАК ИГРАТЬ НА WZ-120-1G FT (ГАЙДЫ ПО ПРЕМИУМ ТАНКАМ);2020-04-19T07:00:13Z;92705;5396;225;0;1450;2070
squDeKEm2LI;ГАЙДЫ ПО ПРЕМИУМ ТАНКАМ;КАК ИГРАТЬ НА Т92 (ГАЙДЫ ПО ПРЕМИУМ ТАНКАМ);2020-04-17T07:00:19Z;65793;3942;186;0;1480;2582
TGp36u96mrc;ГАЙДЫ ПО ПРЕМИУМ ТАНКАМ;КАК ИГРАТЬ НА 112 (ГАЙДЫ ПО ПРЕМИУМ ТАНКАМ);2020-04-15T07:00:10Z;103163;6240;198;0;1399;2002
yK3alVGZKGo;ГАЙДЫ ПО ПРЕМИУМ ТАНКАМ;КАК ИГРАТЬ НА FV4202 (ГАЙДЫ ПО ПРЕМИУМ ТАНКАМ);2020-04-13T07:00:30Z;113797;6430;280;0;1723;2631
THRL8SKvgOw;ГАЙДЫ ПО ПРЕМИУМ ТАНКАМ;КАК ИГРАТЬ НА JAGDTIGER 8,8 (ГАЙДЫ ПО ПРЕМИУМ ТАНКАМ);2020-04-11T07:00:09Z;83055;5396;169;0;2235;2653
MLuUPkrj588;ГАЙДЫ ПО ПРЕМИУМ ТАНКАМ;КАК ИГРАТЬ НА PANTHER 8,8 (ГАЙДЫ ПО ПРЕМИУМ ТАНКАМ);2020-04-09T07:00:03Z;78137;5663;140;0;1717;2438
OA_4NRq2u4Y;ГАЙДЫ ПО ПРЕМИУМ ТАНКАМ;КАК ИГРАТЬ НА Т26Е5 (ГАЙДЫ ПО ПРЕМИУМ ТАНКАМ);2020-04-07T07:00:09Z;144371;6897;368;0;1554;2355
W4uGNmKJ0Fg;ГАЙДЫ ПО ПРЕМИУМ ТАНКАМ;КАК ИГРАТЬ НА AMX M4 mle. 49 (ГАЙДЫ ПО ПРЕМИУМ ТАНКАМ);2020-04-05T07:00:19Z;162514;8764;557;0;2273;2873
-bGd-Q-SHJc;ГАЙДЫ ПО ПРЕМИУМ ТАНКАМ;КАК ИГРАТЬ НА СТГ ГВАРДЕЕЦ (ГАЙДЫ ПО ПРЕМИУМ ТАНКАМ);2020-04-03T07:00:00Z;140739;6942;344;0;2099;2718
aSQIBss5gf8;ГАЙДЫ ПО ПРЕМИУМ ТАНКАМ;КАК ИГРАТЬ НА Т-103 (ГАЙДЫ ПО ПРЕМИУМ ТАНКАМ);2020-04-01T07:00:03Z;90535;7600;154;0;2010;2394
jWNKQtgziM0;The Last of Us;The Last of Us-ЛУЧШАЯ ИГРА ДЕСЯТИЛЕТИЯ (PS4);2020-03-23T21:17:06Z;50725;3651;122;0;123;9504
RyCXyAdSW1Q;The Last of Us;The Last of Us-ШЕДЕВАР-ДОЛГИЙ СТРИМ НА 4 ЧАСА (PS4);2020-03-25T23:26:55Z;33350;2785;63;0;67;14402
cgwgYX4G8OI;The Last of Us;The Last of Us-ДО ФИНАЛА-БУДУТ СЛЕЗЫ (PS4);2020-03-26T21:11:43Z;34211;2812;62;0;61;9958
KP4f-7KzXEk;UNCHARTED 4;Uncharted 4-ИГРА ЗДОРОВОГО ЧЕЛОВЕКА (PS4)/ЧАСТЬ 1;2020-03-06T21:34:51Z;50617;4191;117;0;107;10145
rXlEAtISJQE;UNCHARTED 4;Uncharted 4-ЕДЕМ В ШОТЛАНДИЮ ЗА ПИРАТСКИМ ЗОЛОТОМ (PS4)/ЧАСТЬ 2;2020-03-07T21:33:58Z;34973;2900;67;0;65;11727
L7sEIGdQyxs;UNCHARTED 4;UNCHARTED 4-ПЛЫВЕМ НА ОСТРОВ СОКРОВИЩ (PS4)/ЧАСТЬ 3;2020-03-08T22:27:35Z;33279;2504;89;0;30;11460
2qVr2boejaQ;UNCHARTED 4;UNCHARTED 4-МЫ НАЙДЕМ ЗОЛОТО ПИРАТОВ-СТРИМ ДО ФИНАЛА (PS4);2020-03-09T21:13:06Z;30096;2524;77;0;38;9297
89dlBnMWD6M;ГАЙДЫ ПО ЛЕГКИМ ТАНКАМ;Korben Dallas-WZ-132-1-7 МЕСТО-ГАЙДЫ ПО ЛЕГКИМ ТАНКАМ(С ИНСПИРЕРОМ);2019-11-01T08:59:22Z;62447;4810;77;0;549;3853
bNdnfFqQLDc;ГАЙДЫ ПО ЛЕГКИМ ТАНКАМ;Korben Dallas-Manticore-6 МЕСТО-ГАЙДЫ ПО ЛЕГКИМ ТАНКАМ(С МЕКСИКАНЦЕМ);2019-11-03T14:26:03Z;51355;3649;94;0;279;3127
uVW9g9NUhsc;ГАЙДЫ ПО ЛЕГКИМ ТАНКАМ;Korben Dallas-Rheinmetall Panzerwagen-5 МЕСТО-ГАЙДЫ ПО ЛЕГКИМ ТАНКАМ(С НИДИНОМ);2019-11-05T09:53:17Z;44670;3487;103;0;353;3314
LQQ-BWNgN_M;ГАЙДЫ ПО ЛЕГКИМ ТАНКАМ;Korben Dallas-AMX 13 105-4 МЕСТО-ГАЙДЫ ПО ЛЕГКИМ ТАНКАМ(С НИДИНОМ);2019-11-06T09:03:21Z;55943;4154;127;0;300;3326
OI4n653jjFg;ГАЙДЫ ПО ЛЕГКИМ ТАНКАМ;Korben Dallas-XM551 Sheridan-3 МЕСТО-ГАЙДЫ ПО ЛЕГКИМ ТАНКАМ(СО ВСПЫШКОЙ);2019-11-07T08:50:22Z;52792;3914;99;0;399;3789
8cuo9XVwFe0;ГАЙДЫ ПО ЛЕГКИМ ТАНКАМ;Korben Dallas-Т-100 ЛТ-2 МЕСТО-ГАЙДЫ ПО ЛЕГКИМ ТАНКАМ(С ЛИКВИДАТОРОМ);2019-11-09T09:00:42Z;57242;4277;159;0;335;3954
CflArXBhSK4;ГАЙДЫ ПО ЛЕГКИМ ТАНКАМ;Korben Dallas-Panhard EBR 105-1 МЕСТО-ГАЙДЫ ПО ЛЕГКИМ ТАНКАМ(С ШОТНИКОМ);2019-11-10T08:53:30Z;103788;6678;206;0;384;3530
odWT1NNva2Y;ЛБЗ-КАК ВЫПОЛНИТЬ БЫСТРО;ЛБЗ-КАК БЫСТРО ВЗЯТЬ ОБ.279(Р)-''СОЮЗ''-РАЗБОР ВСЕХ ЗАДАЧ;2019-10-11T09:01:39Z;64379;4190;282;0;523;5241
1qABLaW_nq8;ЛБЗ-КАК ВЫПОЛНИТЬ БЫСТРО;ЛБЗ-КАК БЫСТРО ВЗЯТЬ ОБ.279(Р)-''БЛОК''-РАЗБОР ВСЕХ ЗАДАЧ;2019-10-13T09:01:36Z;21261;1455;60;0;140;4064
k2vZyygINfw;ЛБЗ-КАК ВЫПОЛНИТЬ БЫСТРО;ЛБЗ-КАК БЫСТРО ВЗЯТЬ ОБ.279(Р)-''АЛЬЯНС''-РАЗБОР ВСЕХ ЗАДАЧ;2019-10-15T09:02:37Z;22994;1119;88;0;120;3338
DwiYpSe0u2c;MAN OF MEDAN;MAN OF MEDAN-ОБСИРАЕМСЯ ОТ СТРАХА/ЧАСТЬ 1;2019-08-30T21:47:26Z;51870;3435;103;0;84;10899
dcLHw3EtNCQ;MAN OF MEDAN;MAN OF MEDAN-ПРОХОДИМ ДО КОНЦА;2019-08-31T20:04:29Z;28534;2153;65;0;128;4865
Jnf2ctvhX34;ГАЙДЫ ПО ПТ-САУ;Korben Dallas-AMX 50 Foch (155)-13 МЕСТО-ГАЙДЫ ПО ПТ-САУ;2019-09-01T08:48:58Z;98601;5087;105;0;597;2607
0WojgQssopI;ГАЙДЫ ПО ПТ-САУ;Korben Dallas-Jagdpanzer E 100-12 МЕСТО-ГАЙДЫ ПО ПТ-САУ;2019-09-03T09:00:44Z;69356;4215;140;0;450;2965
f5rzJHJMWKU;ГАЙДЫ ПО ПТ-САУ;Korben Dallas-WZ-113G FT-11 МЕСТО-ГАЙДЫ ПО ПТ-САУ;2019-09-05T08:47:17Z;56826;3421;69;0;332;2671
2qYt7t99z1Y;ГАЙДЫ ПО ПТ-САУ;Korben Dallas-ОБЪЕКТ 268-10 МЕСТО-ГАЙДЫ ПО ПТ-САУ;2019-09-07T08:55:23Z;60789;4216;123;0;484;2541
ts2quE1iBMI;ГАЙДЫ ПО ПТ-САУ;Korben Dallas-Strv 103B-9 МЕСТО-ГАЙДЫ ПО ПТ-САУ;2019-09-09T09:00:37Z;59808;3840;81;0;385;3141
HbDLmzPXB10;ГАЙДЫ ПО ПТ-САУ;Korben Dallas-FV4005 Stage II-8 МЕСТО-ГАЙДЫ ПО ПТ-САУ;2019-09-11T08:55:45Z;68315;3967;76;0;290;2833
azGvOYAyOsg;ГАЙДЫ ПО ПТ-САУ;Korben Dallas-Grille 15-7 МЕСТО-ГАЙДЫ ПО ПТ-САУ;2019-09-13T08:57:43Z;102935;4658;162;0;420;3349
cKLdzBkGOVo;ГАЙДЫ ПО ПТ-САУ;Korben Dallas-FV215b (183)-6 МЕСТО-ГАЙДЫ ПО ПТ-САУ;2019-09-15T09:00:54Z;59672;3548;69;0;326;2485
y2_bWj0qbRw;ГАЙДЫ ПО ПТ-САУ;Korben Dallas-AMX 50 Foch B-5 МЕСТО-ГАЙДЫ ПО ПТ-САУ;2019-09-17T09:00:35Z;58395;3451;76;0;295;3494
qGhsMXgFrqs;ГАЙДЫ ПО ПТ-САУ;Korben Dallas-4 МЕСТО-FV217 Badger-ГАЙДЫ ПО ПТ-САУ;2019-09-19T09:00:40Z;58562;3524;85;0;338;3852
kgLIcKgRLcI;ГАЙДЫ ПО ПТ-САУ;Korben Dallas-Т110Е4-3 МЕСТО-ГАЙДЫ ПО ПТ-САУ;2019-09-21T08:53:30Z;69530;3951;103;0;328;3293
SibKi65yIdE;ГАЙДЫ ПО ПТ-САУ;Korben Dallas-Т110Е3-2 МЕСТО-ГАЙДЫ ПО ПТ-САУ;2019-09-23T09:05:37Z;68851;4075;113;0;290;3251
k-P-zNXCANA;ГАЙДЫ ПО ПТ-САУ;Korben Dallas-Объект 268 Вариант 4-1 МЕСТО-ГАЙДЫ ПО ПТ-САУ;2019-09-25T09:00:45Z;85841;5409;174;0;408;3157
j7xaUw7kYCo;DAYS GONE PS4;DAYS GONE-ПРОХОЖДЕНИЕ PS4/ЧАСТЬ 1;2019-04-26T20:48:51Z;35416;2564;97;0;41;10760
oL4rUa2tcm4;КРЕСТЬЯНСКИЕ СТРИМЫ БЕЗ ГОЛДЫ;Т-34-3-ПОСЛЕДНИЙ ЛЬГОТНЫЙ ПРЕМ-ПОДВОДИМ ИТОГИ ПО ЛЬГОТАМ;2019-04-09T18:09:56Z;44126;1997;124;0;34;9998
pni4BE1y2j4;КРЕСТЬЯНСКИЕ СТРИМЫ БЕЗ ГОЛДЫ;TYPE 59-СЕГОДНЯ/Т-34-3-ЗАВТРА-ТЕСТ ПОСЛЕДНИХ ЛЬГОТОВ;2019-04-08T18:28:14Z;31470;1947;94;0;14;10566
pkKBHPA8CAc;КРЕСТЬЯНСКИЕ СТРИМЫ БЕЗ ГОЛДЫ;112 И WZ-111-ПРОДОЛЖАЕМ СМОТР НОВОГО БАЛАНСИРОВЩИКА;2019-04-07T18:20:07Z;43130;2308;118;0;38;10757
Re-1dN7X7Vw;КРЕСТЬЯНСКИЕ СТРИМЫ БЕЗ ГОЛДЫ;ТЕСТ БАЛАНСИРОВЩИКА ПРОДОЛЖАЕТСЯ-ЯГА 8.8 И ФЦМ-СТРАДАНИЯ;2019-04-06T18:10:03Z;28852;1632;78;0;12;9990
gbjFYUm5K_Q;КРЕСТЬЯНСКИЕ СТРИМЫ БЕЗ ГОЛДЫ;ГУСЬ И СУПЕРПЕРШИНГ-ТЕСТ ЛЬГОТОВ В НОВОМ БАЛАНСЕРЕ;2019-04-05T19:38:32Z;29810;1872;65;0;14;10322
Zb8EorFrNKY;КРЕСТЬЯНСКИЕ СТРИМЫ БЕЗ ГОЛДЫ;НОВЫЙ БАЛАНСИРОВЩИК-КАЖДЫЙ БОЙ В ТОПЕ-ПРОВЕРКА ИС-6 И КВ-5+РОЗЫГРЫШ 150К;2019-04-03T18:15:37Z;55026;3007;154;0;25;9913
2_aSsske6kA;КРЕСТЬЯНСКИЕ СТРИМЫ БЕЗ ГОЛДЫ;ИС-3 С МЗ-ТРИ ЗВЕЗДЫ НА СТВОЛ В ПЯТНИЦУ-ПРЯЧЕМСЯ ОТ ЛЕХ;2019-06-21T18:38:20Z;36686;2205;147;0;20;10362
9pLWTpcpjfY;КРЕСТЬЯНСКИЕ СТРИМЫ БЕЗ ГОЛДЫ;ПОЕХАЛ КУКУХОЙ-ТРИ ОТМЕТКИ НА ИС-5 И ИС-3 С МЗ;2019-06-20T18:15:00Z;42317;2403;136;0;13;10514
vyg0oK0bSZk;КРЕСТЬЯНСКИЕ СТРИМЫ БЕЗ ГОЛДЫ;ШЕСТВИЕ К ТРЕМ ЗВЕЗДАМ НА СТВОЛ-ОСТАЛОСЬ 9%-ИС-3 С МЗ;2019-06-22T19:19:15Z;36116;2023;119;0;8;12202
kYU9iC-RfMQ;КРЕСТЬЯНСКИЕ СТРИМЫ БЕЗ ГОЛДЫ;PANZER 58 MUTZ-ОТМЕТКИ ЗА 50 БОЕВ НА ББ-ЧЕЛЛЕНДЖ САМОМУ СЕБЕ;2019-06-13T18:25:38Z;44933;2366;130;0;34;10734
k95a4DKY3xg;КРЕСТЬЯНСКИЕ СТРИМЫ БЕЗ ГОЛДЫ;МУТЦ И СТА-2-''ЗАПРЕДЕЛЬНЫЙ'' АП-СМОТР ОТ ЭКСПЕРТА В ДЕНЬ РОССИИ;2019-06-12T18:09:36Z;45183;3858;156;0;33;10090
LQMTuqqzFFY;КРЕСТЬЯНСКИЕ СТРИМЫ БЕЗ ГОЛДЫ;ЖДЕМ ТАНКИ ИЗ ЦПП+КАТАЮ Т95Е2 ТАНК ЗА РЕФЕРАЛЬНУЮ ПРОГРАММУ;2019-06-09T19:01:18Z;39755;2406;109;0;16;11271
kxcBbWy15lg;КРЕСТЬЯНСКИЕ СТРИМЫ БЕЗ ГОЛДЫ;Т26Е5-ТРИ ОТМЕТКИ+БЕРУ ТОП1 МЕСЯЦА НА НЕМ;2019-06-08T19:19:41Z;50055;2458;215;0;30;12993
BK4A1wvo3ME;КРЕСТЬЯНСКИЕ СТРИМЫ БЕЗ ГОЛДЫ;ТРЕТИЙ ПОДХОД К ТРЕМ ОТМЕТКАМ+СЛЕДУЮЩИЙ ТАНК ДЛЯ ОТМЕТОК;2019-06-07T18:50:15Z;41677;2557;152;0;23;12229
K0XpeHwCVuo;КРЕСТЬЯНСКИЕ СТРИМЫ БЕЗ ГОЛДЫ;ДОБИВАЮ ТРИ ОТМЕТКИ НА СТВОЛ ФРАНЦУЗА+ВЫБИРАЕМ СЛЕДУЮЩИЙ ТАНК ДЛЯ ОТМЕТОК;2019-06-06T18:27:54Z;46140;3218;388;0;39;10132
SrzFMzmaZPc;КРЕСТЬЯНСКИЕ СТРИМЫ БЕЗ ГОЛДЫ;ТАТАУХИ НА СТВОЛ-ФРАНЦУЗСКИЙ БАРАБАНЩИК;2019-06-03T17:46:12Z;37088;2415;150;0;24;9082
Fp42LS0yAA4;КРЕСТЬЯНСКИЕ СТРИМЫ БЕЗ ГОЛДЫ;ФИНАЛЬНЫЙ РЫВОК-ИС-3 С МЗ-ТРИ ЗВЕЗДЫ БЕЗ ГОЛДЫ;2019-06-24T18:53:23Z;40884;2355;131;0;15;11442
KfvUqmrImvQ;КРЕСТЬЯНСКИЕ СТРИМЫ БЕЗ ГОЛДЫ;2.5% ДО САМОЙ СЛОЖНОЙ ОТМЕТКИ НА 8 ЛВЛ-УЛЬТРА ПОТ;2019-06-25T21:48:34Z;63093;3557;159;0;50;20241
JBIznlGlmFo;ТАНКИ ПО КАЙФУ;ТАНКИ ПО КАЙФУ-M46 Patton-ВЫПУСК №1;2019-04-01T09:00:46Z;92198;6769;137;0;1108;2377
APnx6dekeBA;ТАНКИ ПО КАЙФУ;ТАНКИ ПО КАЙФУ-ИС-6-ВЫПУСК №2;2019-04-03T08:59:39Z;65038;3723;184;0;352;2472
y1W8yX9Z0EU;ТАНКИ ПО КАЙФУ;ТАНКИ ПО КАЙФУ-Strv m/42-57-ВЫПУСК №3;2019-04-05T08:45:38Z;54390;3174;152;0;212;1775
JeUtUf2e6J4;ТАНКИ ПО КАЙФУ;ТАНКИ ПО КАЙФУ-Tortoise-ВЫПУСК №4;2019-04-07T08:56:43Z;46934;2664;96;0;160;2417
UqldPOzwgWs;ТАНКИ ПО КАЙФУ;ТАНКИ ПО КАЙФУ-Excalibur-ВЫПУСК №5;2019-04-09T09:00:17Z;91232;3952;250;0;228;1911
7Xfhr3qNdXE;ТАНКИ ПО КАЙФУ;ТАНКИ ПО КАЙФУ-Е 75-ВЫПУСК №6;2019-04-11T08:55:48Z;53161;2772;75;0;196;2801
EEmgOJA2j7E;ТАНКИ ПО КАЙФУ;ТАНКИ ПО КАЙФУ-Jagdpanther II-ВЫПУСК №7;2019-04-13T09:07:12Z;78251;3839;261;0;228;2447
BAvotMdhWBU;ТАНКИ ПО КАЙФУ;ТАНКИ ПО КАЙФУ-Т-34-85М-ВЫПУСК №8;2019-04-15T09:04:23Z;58138;3091;145;0;284;1664
5JBcsTQ6dAQ;ТАНКИ ПО КАЙФУ;ТАНКИ ПО КАЙФУ-ОБЪЕКТ 430-ВЫПУСК №9;2019-04-17T09:00:32Z;62796;2890;111;0;204;2529
uoNwzso28FM;ТАНКИ ПО КАЙФУ;ТАНКИ ПО КАЙФУ-АМХ 13 57-ВЫПУСК №10;2019-04-19T09:00:48Z;52930;2577;118;0;186;2262
HDSMmaK4Wwo;ТАНКИ ПО КАЙФУ;ТАНКИ ПО КАЙФУ-Т-54-ВЫПУСК №11;2019-04-21T09:00:57Z;56108;2643;100;0;173;2824
G_gE65LqkX4;ТАНКИ ПО КАЙФУ;ТАНКИ ПО КАЙФУ-Е 25-ВЫПУСК №12;2019-04-23T09:00:36Z;40448;2439;66;0;201;1598
GGk5zdA9kxw;ТАНКИ ПО КАЙФУ;ТАНКИ ПО КАЙФУ-Е 50-ВЫПУСК №13;2019-04-25T09:01:36Z;44719;2382;65;0;163;2227
ElynI5UCupE;ТАНКИ ПО КАЙФУ;ТАНКИ ПО КАЙФУ-ОБЪЕКТ 252У ЗАЩИТНИК-ВЫПУСК №14;2019-04-27T09:01:02Z;90995;3906;196;0;318;2719
KVo1XeIK2Fs;ТАНКИ ПО КАЙФУ;ТАНКИ ПО КАЙФУ-АМХ М4 51-ВЫПУСК №15;2019-04-29T08:46:40Z;48345;2483;90;0;159;2168
Omie8jsCMrY;ТАНКИ ПО КАЙФУ;ТАНКИ ПО КАЙФУ-SOMUA SM-ВЫПУСК №16;2019-05-01T08:56:40Z;44189;2463;86;0;170;1830
DMFQw0sdX6U;ТАНКИ ПО КАЙФУ;ТАНКИ ПО КАЙФУ-TYPE 64-ВЫПУСК №17;2019-05-03T09:01:33Z;43452;2195;147;0;172;1838
sVRcIiGAh1s;ТАНКИ ПО КАЙФУ;ТАНКИ ПО КАЙФУ-ИС-3-ВЫПУСК №18;2019-05-05T08:58:31Z;44343;2800;79;0;217;2158
3MJ_3f5UUAo;ТАНКИ ПО КАЙФУ;ТАНКИ ПО КАЙФУ-Progetto M35 mod. 46-ВЫПУСК №19;2019-05-07T08:54:31Z;48814;2410;105;0;190;2196
ZFzqwfN0Ijc;ТАНКИ ПО КАЙФУ;ТАНКИ ПО КАЙФУ-Panhard EBR 75 (FL 10)-ВЫПУСК №21;2019-05-11T09:01:05Z;31091;1650;61;0;123;2782
VUi8rcfSOTM;ТАНКИ ПО КАЙФУ;ТАНКИ ПО КАЙФУ-Škoda T 50-ВЫПУСК №22;2019-05-13T08:51:00Z;46673;2359;176;0;179;2424
Ah0VMt7_D_c;ТАНКИ ПО КАЙФУ;ТАНКИ ПО КАЙФУ-Cromwell B-ВЫПУСК №23;2019-05-15T08:59:39Z;32254;1694;78;0;115;2214
NLd7qAIla6Y;ТАНКИ ПО КАЙФУ;ТАНКИ ПО КАЙФУ-АМХ 50 100-ФИНАЛ-ВЫПУСК №24;2019-05-17T09:00:48Z;51687;2835;109;0;225;2454
z1__g9X8Ygk;METRO EXODUS;METRO EXODUS-КОЛЕСИМ НА ПАРОВОЗЕ-КРОШИМ ВУРДАЛАКОВ/ЧАСТЬ 1;2019-02-15T19:47:58Z;69521;5573;152;0;149;12249
YYwouznDBF8;METRO EXODUS;METRO EXODUS-КОЛЕСИМ С ТАБОРОМ И ТЕРМИНАТОРОМ В ПОИСКАХ ЖИЛЬЯ;2019-02-16T22:05:32Z;43562;2997;77;0;71;12096
bC5K923apTI;METRO EXODUS;METRO EXODUS ДО КОНЦА(МИНИМУМ 5 ЧАСОВ)-ЛУЧШАЯ ИГРА/ПЛАЧЕМ ВМЕСТЕ;2019-02-18T19:03:35Z;47035;3246;104;0;101;13055
5fq_-se8PwA;METRO EXODUS;МЕТРО-ИСТОРИЯ ОДНОГО ПЕНДОСА-ШЕДЕВАР;2020-02-12T22:09:54Z;59240;4757;215;0;55;10332
dEKgG8x5efQ;METRO EXODUS;МЕТРО-ДЯДЯ СЭМ ЕДЕТ ДОМОЙ В ПЕНДОСТАН;2020-02-13T20:19:45Z;33090;2628;99;0;41;6288
P89XcA2v56g;ГАЙДЫ ПО СРЕДНИМ ТАНКАМ;Korben Dallas-AMX30B-19 МЕСТО-ГАЙДЫ ПО СРЕДНИМ ТАНКАМ;2019-02-01T09:00:31Z;140885;7138;79;0;848;2389
oDxBWJEnJQU;ГАЙДЫ ПО СРЕДНИМ ТАНКАМ;Korben Dallas-Leopard 1-18 МЕСТО-ГАЙДЫ ПО СРЕДНИМ ТАНКАМ;2019-02-03T09:00:06Z;74682;5137;118;0;577;2724
QHhcB5_933k;ГАЙДЫ ПО СРЕДНИМ ТАНКАМ;Korben Dallas-121-17 МЕСТО-ГАЙДЫ ПО СРЕДНИМ ТАНКАМ;2019-02-05T09:00:37Z;67424;4241;77;0;382;2268
wd5FL564mM8;ГАЙДЫ ПО СРЕДНИМ ТАНКАМ;Korben Dallas-Т-22 ср.-16 МЕСТО-ГАЙДЫ ПО СРЕДНИМ ТАНКАМ;2019-02-07T08:59:15Z;76670;5020;103;0;470;1818
vj9IpbOIqS8;ГАЙДЫ ПО СРЕДНИМ ТАНКАМ;Korben Dallas-STB-1-15 МЕСТО-ГАЙДЫ ПО СРЕДНИМ ТАНКАМ;2019-02-09T09:00:08Z;74086;4656;70;0;487;3195
UKOYR15p6Zw;ГАЙДЫ ПО СРЕДНИМ ТАНКАМ;Korben Dallas-Т-62 А-14 МЕСТО-ГАЙДЫ ПО СРЕДНИМ ТАНКАМ;2019-02-11T09:01:05Z;77961;5461;86;0;376;3300
goRuyJdHq5c;ГАЙДЫ ПО СРЕДНИМ ТАНКАМ;Korben Dallas-Е 50М-13 МЕСТО-ГАЙДЫ ПО СРЕДНИМ ТАНКАМ;2019-02-13T08:59:51Z;70630;4823;95;0;407;2925
WHmZlsTswAs;ГАЙДЫ ПО СРЕДНИМ ТАНКАМ;Korben Dallas-121B-12 МЕСТО-ГАЙДЫ ПО СРЕДНИМ ТАНКАМ;2019-02-15T09:00:15Z;55750;3860;72;0;277;3082
iIoxs5tQ8vY;ГАЙДЫ ПО СРЕДНИМ ТАНКАМ;Korben Dallas-Bat.-Chatillon 25 t-11 МЕСТО-ГАЙДЫ ПО СРЕДНИМ ТАНКАМ;2019-02-17T09:01:06Z;65856;4826;56;0;320;2938
Yz8wQ3ft-P4;ГАЙДЫ ПО СРЕДНИМ ТАНКАМ;Korben Dallas-К-91-10 МЕСТО-ГАЙДЫ ПО СРЕДНИМ ТАНКАМ;2019-02-19T08:56:31Z;66102;3790;66;0;264;2823
7wdyYgpbw6s;ГАЙДЫ ПО СРЕДНИМ ТАНКАМ;Korben Dallas-M60-9 МЕСТО-ГАЙДЫ ПО СРЕДНИМ ТАНКАМ;2019-02-21T09:01:02Z;59684;3612;65;0;262;2862
KA4tigtZzVM;ГАЙДЫ ПО СРЕДНИМ ТАНКАМ;Korben Dallas-TVP T 50/51-8 МЕСТО-ГАЙДЫ ПО СРЕДНИМ ТАНКАМ;2019-02-23T09:08:16Z;77249;4182;79;0;327;2892
HZzLp4ztMAg;ГАЙДЫ ПО СРЕДНИМ ТАНКАМ;Korben Dallas-Centurion Action X-7 МЕСТО-ГАЙДЫ ПО СРЕДНИМ ТАНКАМ;2019-02-25T09:00:42Z;72358;4273;66;0;407;3424
KfTD4_9biFA;ГАЙДЫ ПО СРЕДНИМ ТАНКАМ;Korben Dallas-Progetto M40 mod. 65-6 МЕСТО-ГАЙДЫ ПО СРЕДНИМ ТАНКАМ;2019-02-27T09:00:18Z;82948;4241;110;0;330;2745
7BFIZR3x1L4;ГАЙДЫ ПО СРЕДНИМ ТАНКАМ;Korben Dallas-ОБЪЕКТ 907-5 МЕСТО-ГАЙДЫ ПО СРЕДНИМ ТАНКАМ;2019-03-01T09:00:14Z;56742;3591;52;0;347;2409
T-1jLKTVMo4;ГАЙДЫ ПО СРЕДНИМ ТАНКАМ;Korben Dallas-ОБЪЕКТ 140-4 МЕСТО-ГАЙДЫ ПО СРЕДНИМ ТАНКАМ;2019-03-03T08:55:30Z;76555;4527;128;0;340;2624
44HJ1uMBCPE;ГАЙДЫ ПО СРЕДНИМ ТАНКАМ;Korben Dallas-Т95Е6-3 МЕСТО-ГАЙДЫ ПО СРЕДНИМ ТАНКАМ;2019-03-05T09:00:45Z;57370;3589;65;0;334;3022
l7hnQvixg94;ГАЙДЫ ПО СРЕДНИМ ТАНКАМ;Korben Dallas-М48-2 МЕСТО-ГАЙДЫ ПО СРЕДНИМ ТАНКАМ;2019-03-07T09:02:21Z;78249;4563;64;0;493;2373
xnFEJ9Os2s0;ГАЙДЫ ПО СРЕДНИМ ТАНКАМ;Korben Dallas-ОБЪЕКТ 430У-1 МЕСТО-ГАЙДЫ ПО СРЕДНИМ ТАНКАМ;2019-03-09T08:45:05Z;125227;6642;147;0;487;3818
-WP90_ala9E;ГАЙДЫ ПО СРЕДНИМ ТАНКАМ;Korben Dallas-UDES 15/16-4 МЕСТО-ГАЙДЫ ПО СРЕДНИМ ТАНКАМ;2019-05-19T08:57:21Z;52245;3481;88;0;140;4173
tEIcYsCo7rs;ГАЙДЫ ПО СРЕДНИМ ТАНКАМ;Korben Dallas-Leopard 1-15 МЕСТО-ГАЙДЫ ПО СРЕДНИМ ТАНКАМ;2019-07-01T09:01:22Z;33750;1908;41;0;227;3187
eTMR59N16DU;ГАЙДЫ ПО СРЕДНИМ ТАНКАМ;Korben Dallas-STB-1-10 МЕСТО-ГАЙДЫ ПО СРЕДНИМ ТАНКАМ;2019-07-03T08:54:57Z;33147;1889;42;0;130;2210
kBf-I2mQ2b8;ГАЙДЫ ПО ТЯЖЕЛЫМ ТАНКАМ;Korben Dallas-KRANVAGN-21 МЕСТО-ГАЙДЫ ПО ТЯЖЕЛЫМ ТАНКАМ;2018-12-01T08:53:01Z;161546;8157;130;0;875;2115
iZQJHZU12KA;ГАЙДЫ ПО ТЯЖЕЛЫМ ТАНКАМ;Korben Dallas-E100-20 МЕСТО-ГАЙДЫ ПО ТЯЖЕЛЫМ ТАНКАМ;2018-12-03T08:52:20Z;80432;6303;69;0;952;2449
n1z3paVMPdc;ГАЙДЫ ПО ТЯЖЕЛЫМ ТАНКАМ;Korben Dallas-T110E5-19 МЕСТО-ГАЙДЫ ПО ТЯЖЕЛЫМ ТАНКАМ;2018-12-05T09:00:46Z;68022;5194;65;0;704;2877
dpKUZqmtwho;ГАЙДЫ ПО ТЯЖЕЛЫМ ТАНКАМ;Korben Dallas-18 МЕСТО-ИС-4-ГАЙДЫ ПО ТЯЖЕЛЫМ ТАНКАМ;2018-12-07T09:01:24Z;74642;5788;89;0;734;2593
UBCN6_r9k6g;ГАЙДЫ ПО ТЯЖЕЛЫМ ТАНКАМ;Korben Dallas-17 МЕСТО-MAUS-ГАЙДЫ ПО ТЯЖЕЛЫМ ТАНКАМ;2018-12-09T09:00:47Z;72511;5789;79;0;585;2764
CFn-xW7mrGY;ГАЙДЫ ПО ТЯЖЕЛЫМ ТАНКАМ;Korben Dallas-16 МЕСТО-60TP Lewandowskiego-ГАЙДЫ ПО ТЯЖЕЛЫМ ТАНКАМ;2018-12-11T08:58:49Z;83772;5200;84;0;474;3175
5nAPCrjJB-A;ГАЙДЫ ПО ТЯЖЕЛЫМ ТАНКАМ;Korben Dallas-15 МЕСТО-ИС-7-ГАЙДЫ ПО ТЯЖЕЛЫМ ТАНКАМ;2018-12-13T09:06:43Z;87774;4852;144;0;467;2482
tH5W4DdyL3Q;ГАЙДЫ ПО ТЯЖЕЛЫМ ТАНКАМ;Korben Dallas-14 МЕСТО-FV215-ГАЙДЫ ПО ТЯЖЕЛЫМ ТАНКАМ;2018-12-15T08:59:34Z;49217;3329;57;0;217;2832
uoYEJvzp44A;ГАЙДЫ ПО ТЯЖЕЛЫМ ТАНКАМ;Korben Dallas-13 МЕСТО-Pz.Kpfw. VII-ГАЙДЫ ПО ТЯЖЕЛЫМ ТАНКАМ;2018-12-17T09:00:51Z;77003;4601;116;0;514;3309
H0A6AbJe8Nw;ГАЙДЫ ПО ТЯЖЕЛЫМ ТАНКАМ;Korben Dallas-12 МЕСТО-Объект 260-ГАЙДЫ ПО ТЯЖЕЛЫМ ТАНКАМ;2018-12-19T08:54:58Z;60926;3874;93;0;353;2302
pq9tpVPov6E;ГАЙДЫ ПО ТЯЖЕЛЫМ ТАНКАМ;Korben Dallas-11 МЕСТО-AMX M4 mle. 54-ГАЙДЫ ПО ТЯЖЕЛЫМ ТАНКАМ;2018-12-21T09:11:08Z;69563;4393;93;0;374;2405
S7XVfW05AZ8;ГАЙДЫ ПО ТЯЖЕЛЫМ ТАНКАМ;Korben Dallas-10 МЕСТО-113-ГАЙДЫ ПО ТЯЖЕЛЫМ ТАНКАМ;2018-12-23T09:00:46Z;86395;5028;115;0;367;2384
_L9oSo5X5wQ;ГАЙДЫ ПО ТЯЖЕЛЫМ ТАНКАМ;Korben Dallas-9 МЕСТО-T57 Heavy-ГАЙДЫ ПО ТЯЖЕЛЫМ ТАНКАМ;2018-12-25T09:01:49Z;88781;5543;116;0;531;2997
LpaZyXTqPFQ;ГАЙДЫ ПО ТЯЖЕЛЫМ ТАНКАМ;Korben Dallas-8 МЕСТО-ОБЪЕКТ 277-ГАЙДЫ ПО ТЯЖЕЛЫМ ТАНКАМ;2018-12-27T09:02:08Z;113709;5941;190;0;435;2640
C7e8YnMtUqM;ГАЙДЫ ПО ТЯЖЕЛЫМ ТАНКАМ;Korben Dallas-7 МЕСТО-VK 72.01 (K)-ГАЙДЫ ПО ТЯЖЕЛЫМ ТАНКАМ;2018-12-29T08:50:00Z;59646;3825;83;0;325;2133
frrPVjSMBhY;ГАЙДЫ ПО ТЯЖЕЛЫМ ТАНКАМ;Korben Dallas-6 МЕСТО-ОБЪЕКТ 705А-ГАЙДЫ ПО ТЯЖЕЛЫМ ТАНКАМ;2018-12-31T09:00:48Z;107681;5599;140;0;409;3312
Gv-FS4R_BXM;ГАЙДЫ ПО ТЯЖЕЛЫМ ТАНКАМ;Korben Dallas-5 МЕСТО-Super Conqueror-ГАЙДЫ ПО ТЯЖЕЛЫМ ТАНКАМ;2019-01-02T09:00:30Z;100461;5559;110;0;504;2737
yKNgHRlpB00;ГАЙДЫ ПО ТЯЖЕЛЫМ ТАНКАМ;Korben Dallas-4 МЕСТО-ОБЪЕКТ 279(Р)-ГАЙДЫ ПО ТЯЖЕЛЫМ ТАНКАМ;2019-01-04T09:01:39Z;79828;4954;106;0;440;3003
v3LW9qYil5U;ГАЙДЫ ПО ТЯЖЕЛЫМ ТАНКАМ;Korben Dallas-3 МЕСТО-AMX 50B-ГАЙДЫ ПО ТЯЖЕЛЫМ ТАНКАМ;2019-01-06T09:10:37Z;107590;6152;115;0;581;3565
Clm5HkJ0qYw;ГАЙДЫ ПО ТЯЖЕЛЫМ ТАНКАМ;Korben Dallas-2 МЕСТО-WZ-111 model 5A-ГАЙДЫ ПО ТЯЖЕЛЫМ ТАНКАМ;2019-01-08T09:06:03Z;102033;6033;150;0;510;1876
CXb9pfPRGxQ;ГАЙДЫ ПО ТЯЖЕЛЫМ ТАНКАМ;Korben Dallas-1 МЕСТО-TYPE 5 HEAVY-ГАЙДЫ ПО ТЯЖЕЛЫМ ТАНКАМ;2019-01-10T09:10:44Z;136256;9366;176;0;1286;3224
S_TlVy_27dw;ГАЙДЫ ПО ТЯЖЕЛЫМ ТАНКАМ;Korben Dallas-T95/FV4201 Chieftain-3 МЕСТО-ГАЙДЫ ПО ТЯЖЕЛЫМ ТАНКАМ;2019-03-11T08:56:40Z;56578;2981;49;0;204;2621
kCt0IK20BBE;ГАЙДЫ ПО ТЯЖЕЛЫМ ТАНКАМ;Korben Dallas-13 МЕСТО-TYPE 5 HEAVY-ГАЙДЫ ПО ТЯЖЕЛЫМ ТАНКАМ;2019-05-21T09:00:39Z;40430;4484;85;0;178;2999
BtAz0bvjcnE;ГАЙДЫ ПО ТЯЖЕЛЫМ ТАНКАМ;Korben Dallas-KRANVAGN-10 МЕСТО-ГАЙДЫ ПО ТЯЖЕЛЫМ ТАНКАМ;2019-05-23T08:57:43Z;44117;2845;50;0;160;3395
LCoQhiHmrZA;WORLD OF TANKS-ЭТО БЫЛА ХОРОШАЯ ИГРА;WORLD OF TANKS-ЭТО БЫЛА ХОРОШАЯ ИГРА(ЧАСТЬ 1);2018-05-29T09:06:23Z;61086;6217;123;0;787;1280
3gijQagS_2o;WORLD OF TANKS-ЭТО БЫЛА ХОРОШАЯ ИГРА;WORLD OF TANKS-ЭТО БЫЛА ХОРОШАЯ ИГРА(ЧАСТЬ 2);2018-06-06T09:08:24Z;40684;3965;52;0;321;959
yLGmvq0NOfE;WORLD OF TANKS-ЭТО БЫЛА ХОРОШАЯ ИГРА;МОЙ ЛУЧШИЙ БОЙ ПО ОПЫТУ В WORLD OF TANKS (ЧАСТЬ 3);2018-06-12T09:00:49Z;33936;3008;40;0;234;933
PClGssSYQGI;WORLD OF TANKS-ЭТО БЫЛА ХОРОШАЯ ИГРА;WORLD OF TANKS-ЭТО БЫЛА ХОРОШАЯ ИГРА(ЧАСТЬ 4);2018-06-20T09:01:26Z;28963;2719;42;0;160;956
0TRMFP5d3RM;WORLD OF TANKS-ЭТО БЫЛА ХОРОШАЯ ИГРА;WORLD OF TANKS-ЭТО БЫЛА ХОРОШАЯ ИГРА(ЧАСТЬ 5);2018-06-26T09:05:13Z;31323;2698;54;0;385;1079
qMAf0-hgVWQ;WORLD OF TANKS-ЭТО БЫЛА ХОРОШАЯ ИГРА;МОЙ ЛУЧШИЙ БОЙ В WORLD OF TANKS;2018-07-04T09:04:02Z;51841;4142;63;0;439;1793
hg1qQ5jpsdo;WORLD OF TANKS-ЭТО БЫЛА ХОРОШАЯ ИГРА;WORLD OF TANKS-ЭТО БЫЛА ХОРОШАЯ ИГРА(ЧАСТЬ 7);2018-07-11T09:19:20Z;30564;2476;51;0;185;728
wtM9g6Epwr4;FAR CRY 5;FAR CRY 5-РАЗУМИЗМ В ДЕРЕВНЕ ДУРАКОВ/ЧАСТЬ 1 (МАКСИМАЛЬНАЯ ГРАФИКА);2018-03-27T21:57:20Z;50956;3727;202;0;53;9954
JwqfxwHRFzI;FAR CRY 5;FAR CRY 5-СПАСАЕМ МЕДВЕДЯ ВМЕСТЕ С ТЕРПИЛОЙ/ЧАСТЬ 2 (МАКСИМАЛЬНАЯ ГРАФИКА);2018-03-29T23:42:46Z;27688;1635;101;0;33;11617
Mc7_cqO3FvA;ПРОХОЖДЕНИЕ Call of Duty: WWII;Call of Duty: WWII-ПРОХОЖДЕНИЕ ЧАСТЬ 1/РВЁМ ФОЖЫЗДОВ(МАКС ГРАФОН);2017-11-06T21:58:51Z;33541;1896;95;0;72;10701
NL_w_Y0vTLw;ПРОХОЖДЕНИЕ Call of Duty: WWII;Call of Duty: WWII-ПРОХОЖДЕНИЕ ЧАСТЬ 2-ДО КОНЦА/ЦУЦМАН ЖИВИ(МАКС ГРАФОН);2017-11-08T21:10:14Z;17649;1156;60;0;62;8498
FH6l1GazlMI;OUTLAST 2 ПРОХОЖДЕНИЕ;OUTLAST 2 - ПРОХОЖДЕНИЕ #1;2017-04-25T17:18:29Z;41334;3317;83;0;138;9043
9MRbj-nhKyI;OUTLAST 2 ПРОХОЖДЕНИЕ;OUTLAST 2 - ПРОХОЖДЕНИЕ #2;2017-04-26T21:20:02Z;24947;2192;54;0;51;8743
ex43TawuZlo;OUTLAST 2 ПРОХОЖДЕНИЕ;OUTLAST 2 - ПРОХОЖДЕНИЕ #3 ДО КОНЦА(ФИНАЛ);2017-04-28T18:21:52Z;21983;1778;61;0;66;8815
u-x8I8DceBM;ГАЙДЫ ПО КАРТАМ;Korben Dallas(Топ стрелок)-ГАЙД ПО ЛИНИИ ЗИГФРИДА;2017-04-21T08:13:01Z;23051;2019;53;0;122;1061
9ZSpHEfT5Z0;ГАЙДЫ ПО КАРТАМ;Korben Dallas(Топ стрелок)-ГАЙД ПО ЭЛЬ-ХАЛЛУФУ;2017-04-14T08:37:31Z;15491;1665;36;0;96;1048
LqKI-n18Nyk;ГАЙДЫ ПО КАРТАМ;Korben Dallas(Топ стрелок)-ГАЙД ПО ПРОХОРОВКЕ;2017-04-07T08:39:51Z;20649;2579;67;0;124;2020
T09y-2XqzaE;ГАЙДЫ ПО КАРТАМ;Korben Dallas(Топ стрелок)-ГАЙД ПО АЭРОДРОМУ;2017-03-31T08:38:10Z;22821;3058;80;0;132;1875
noiOIzXNdqw;ГАЙДЫ ПО КАРТАМ;Korben Dallas(Топ стрелок)-КОНТЕНТ 2.0;2017-03-19T20:53:54Z;135317;6696;392;0;444;994
ginAe0V7zQY;ГАЙДЫ ПО КАРТАМ;Korben Dallas(Топ стрелок)-ГАЙД ПО МАЛИНОВКЕ;2017-01-24T09:55:16Z;36403;2557;147;0;175;2053
Fom7vGTEwHQ;ГАЙДЫ ПО КАРТАМ;Korben Dallas(Топ стрелок)-ГАЙД ПО ЭРЛЕНБЕРГУ;2017-01-20T08:59:22Z;47351;3183;105;0;256;2210
